"original_study_ID";"new_study_ID"
"8";1
"12";2
"15";3
"22";4
"27";5
"28";6
"32";7
"36";8
"59";9
"99";10
"102";11
"113";12
"136";13
"147";14
"151";15
"161";16
"173";17
"196";18
"202";19
"203";20
"230";21
"244";22
"246";23
"286";24
"295";25
"317";26
"337";27
"346";28
"350";29
"351";30
"356";31
"376";32
"386";33
"396";34
"404";35
"423";36
"432";37
"437";38
"446";39
"472";40
"480";41
"485";42
"496";43
"515";44
"528";45
"529";46
"543";47
"551";48
"555";49
"561";50
"563";51
"579";52
"585";53
"586";54
"590";55
"594";56
"604";57
"631";58
"636";59
"649";60
"731";61
"732";62
"743";63
"747";64
"756";65
"769";66
"780";67
"800";68
"825";69
"827";70
"835";71
"845";72
"869";73
"883";74
"885";75
"894";76
"901";77
"910";78
"980";79
"983";80
"994";81
"995";82
"1010";83
"1024";84
"1026";85
"1027";86
"1028";87
"1035";88
"1037";89
"1070";90
"1093";91
"1095";92
"1103";93
"1125";94
"1138";95
"1139";96
"1147";97
"1184";98
"1209";99
"1210";100
"1223";101
"1228";102
"1243";103
"1245";104
"1278";105
"1279";106
"1302";107
"1330";108
"1333";109
"1339";110
"1341";111
"1356";112
"1364";113
"1366";114
"1369";115
"1371";116
"1372";117
"1373";118
"1381";119
"1389";120
"1391";121
"1425";122
"1427";123
"1432";124
"1436";125
"1442";126
"1449";127
"1459";128
"1464";129
"1474";130
"1477";131
"1480";132
"1490";133
"1518";134
"1521";135
"1523";136
"1525";137
"1528";138
"1552";139
"1577";140
"1595";141
"1597";142
"1600";143
"1604";144
"1616";145
"1617";146
"1625";147
"1631";148
"1639";149
"1640";150
"1642";151
"1656";152
"1678";153
"1683";154
"1684";155
"1704";156
"1710";157
"1718";158
"1734";159
"1739";160
"1740";161
"1742";162
"1747";163
"1769";164
"1780";165
"1814";166
"1849";167
"1856";168
"1880";169
"1889";170
"1931";171
"1965";172
"1969";173
"1970";174
"1981";175
"1984";176
"1987";177
"1993";178
"2016";179
"2043";180
"2067";181
"2081";182
"2087";183
"2090";184
"2115";185
"2129";186
"2135";187
"2137";188
"2138";189
"2150";190
"2154";191
"2166";192
"2176";193
"2195";194
"2198";195
"2200";196
"2222";197
"2223";198
"2230";199
"2239";200
"2266";201
"2273";202
"2291";203
"2364";204
"2365";205
"2371";206
"2378";207
"2394";208
"2399";209
"2401";210
"2424";211
"2442";212
"2458";213
"2460";214
"2463";215
"2480";216
"2482";217
"2483";218
"2484";219
"2495";220
"2496";221
"2508";222
"2513";223
"2514";224
"2518";225
"2541";226
"2545";227
"2549";228
"2564";229
"2571";230
"2574";231
"2577";232
"2583";233
"2585";234
"2587";235
"2588";236
"2594";237
"2597";238
"2608";239
"2616";240
"2626";241
"2628";242
"2638";243
"2648";244
"2649";245
"2655";246
"2661";247
"2668";248
"2684";249
"2694";250
"2701";251
"2702";252
"2709";253
"2713";254
"2714";255
"2717";256
"2718";257
"2724";258
"2728";259
"2731";260
"2737";261
"2741";262
"2743";263
"2744";264
"2747";265
"2758";266
"2762";267
"2763";268
"2764";269
"2775";270
"2783";271
"2791";272
"2794";273
"2800";274
"2801";275
"2804";276
"2808";277
"2812";278
"2814";279
"2817";280
"2832";281
"2839";282
"2847";283
"2851";284
"2858";285
"2868";286
"2872";287
"2875";288
"2882";289
"2883";290
"2893";291
"2896";292
"2902";293
"2921";294
"2923";295
"2930";296
"2937";297
"2948";298
"2951";299
"2954";300
"2962";301
"2970";302
"2972";303
"2974";304
"2978";305
"2980";306
"2986";307
"2987";308
"2994";309
"2997";310
"2999";311
"3000";312
"3001";313
"3007";314
"3011";315
"3014";316
"3016";317
"3021";318
"3027";319
"3035";320
"3038";321
"3041";322
"3042";323
"3054";324
"3069";325
"3075";326
"3078";327
"3079";328
"3087";329
"3088";330
"3089";331
"3093";332
"3094";333
"3099";334
"3102";335
"3105";336
"3110";337
"3112";338
"3117";339
"3118";340
"3137";341
"3143";342
"3148";343
"3150";344
"3155";345
"3220";346
"3223";347
"3238";348
"3244";349
"3245";350
"3251";351
"3257";352
"3268";353
"3278";354
"3319";355
"3322";356
"3329";357
"3344";358
"3348";359
"3365";360
"3369";361
"3377";362
"3385";363
"3390";364
"3402";365
"3404";366
"3409";367
"3412";368
"3414";369
"3437";370
"3442";371
"3446";372
"3452";373
"3453";374
"3464";375
"3494";376
"3560";377
"3563";378
"3593";379
"3637";380
"3665";381
"3712";382
"3714";383
"3724";384
"3726";385
"3752";386
"3770";387
"3775";388
"3795";389
"3800";390
"3821";391
"3835";392
"3845";393
"3877";394
"3884";395
"3899";396
"3905";397
"3948";398
"3952";399
"3975";400
"3978";401
"3981";402
"3994";403
"4010";404
"4014";405
"4016";406
"4026";407
"4030";408
"4043";409
"4050";410
"4051";411
"4052";412
"4055";413
"4061";414
"4065";415
"4067";416
"4080";417
"4082";418
"4088";419
"4092";420
"4099";421
"4105";422
"4106";423
"4107";424
"4108";425
"4111";426
"4116";427
"4127";428
"4132";429
"4141";430
"4145";431
"4161";432
"4162";433
"4165";434
"4212";435
"4215";436
"4220";437
"4231";438
"4251";439
"4256";440
"4263";441
"4266";442
"4269";443
"4301";444
"4302";445
"4310";446
"4313";447
"4318";448
"4334";449
"4336";450
"4338";451
"4365";452
"4375";453
"4382";454
"4392";455
"4398";456
"4413";457
"4461";458
"4473";459
"4492";460
"4509";461
"4562";462
"4571";463
"4587";464
"4588";465
"4595";466
"4612";467
"4626";468
"4630";469
"4636";470
"4639";471
"4643";472
"4645";473
"4680";474
"4711";475
"4759";476
"4763";477
"4784";478
"4788";479
"4793";480
"4795";481
"4809";482
"4819";483
"4820";484
"4827";485
"4828";486
"4830";487
"4840";488
"4845";489
"4850";490
"4851";491
"4854";492
"4855";493
"4858";494
"4860";495
"4866";496
"4867";497
"4872";498
"4873";499
"4885";500
"4894";501
"4900";502
"4903";503
"4904";504
"4912";505
"4927";506
"4939";507
"4971";508
"5016";509
"5017";510
"5019";511
"5046";512
"5050";513
"5051";514
"5061";515
"5065";516
"5072";517
"5083";518
"5089";519
"5092";520
"5097";521
"5098";522
"5106";523
"5116";524
"5124";525
"5145";526
"5175";527
"5178";528
"5183";529
"5193";530
"5208";531
"5218";532
"5223";533
"5238";534
"5257";535
"5272";536
"5277";537
"5285";538
"5297";539
"5306";540
"5311";541
"5315";542
"5318";543
"5321";544
"5322";545
"5328";546
"5330";547
"5331";548
"5349";549
"5354";550
"5357";551
"5372";552
"5376";553
"5383";554
"5413";555
"5432";556
"5447";557
"5457";558
"5479";559
"5484";560
"5485";561
"5489";562
"5492";563
"5498";564
"5505";565
"5525";566
"5531";567
"5542";568
"5551";569
"5555";570
"5583";571
"5584";572
"5591";573
"5607";574
"5612";575
"5624";576
"5631";577
"5644";578
"5645";579
"5655";580
"5666";581
"5667";582
"5672";583
"5686";584
"5698";585
"5711";586
"5713";587
"5715";588
"5723";589
"5729";590
"5730";591
"5731";592
"5732";593
"5735";594
"5745";595
"5747";596
"5748";597
"5750";598
"5756";599
"5757";600
"5758";601
"5771";602
"5778";603
"5784";604
"5785";605
"5786";606
"5790";607
"5791";608
"5792";609
"5794";610
"5795";611
"5801";612
"5816";613
"5818";614
"5820";615
"5825";616
"5832";617
"5844";618
"5847";619
"5853";620
"5869";621
"5908";622
"6000";623
"6011";624
"6068";625
"6087";626
"6176";627
"6207";628
"6277";629
"6282";630
"6321";631
"6362";632
"6400";633
"6434";634
"6452";635
"6462";636
"6472";637
"6496";638
"6607";639
"6741";640
"6862";641
"6981";642
"6989";643
"55";644
"211";645
"950";646
"991";647
"1065";648
"1118";649
"1145";650
"1492";651
"4101";652
"4109";653
"4112";654
"4119";655
"4122";656
"4129";657
"4143";658
"4144";659
"4147";660
"4149";661
"4154";662
"4271";663
"4282";664
"4292";665
"4304";666
"4333";667
"4360";668
"4387";669
"4405";670
"4407";671
"4455";672
"4466";673
"4468";674
"4474";675
"4497";676
"4514";677
"4531";678
"4543";679
"4544";680
"4559";681
"4565";682
"4594";683
"4597";684
"4598";685
"4600";686
"4611";687
"4633";688
"4634";689
"4647";690
"4692";691
"4706";692
"4713";693
"4715";694
"4716";695
"4719";696
"4721";697
"4748";698
"4755";699
"4757";700
"4773";701
"4782";702
"4789";703
"4797";704
"4799";705
"4802";706
"4804";707
"4810";708
"4813";709
"4821";710
"4823";711
"4836";712
"4837";713
"4841";714
"4869";715
"4870";716
"4874";717
"4878";718
"4882";719
"4883";720
"4884";721
"4886";722
"4888";723
"4889";724
"4890";725
"4891";726
"4902";727
"4905";728
"4906";729
"4941";730
"4949";731
"4956";732
"4957";733
"4963";734
"5026";735
"5049";736
"5055";737
"5057";738
"5058";739
"5060";740
"5068";741
"5069";742
"5076";743
"5086";744
"5091";745
"5115";746
"5118";747
"5139";748
"5146";749
"5153";750
"5154";751
"5180";752
"5199";753
"5209";754
"5214";755
"5225";756
"5233";757
"5246";758
"5252";759
"5256";760
"5271";761
"5274";762
"5279";763
"5280";764
"5304";765
"5313";766
"5334";767
"5335";768
"5347";769
"5348";770
"5350";771
"5359";772
"5365";773
"5381";774
"5382";775
"5403";776
"5421";777
"5430";778
"5445";779
"5451";780
"5453";781
"5473";782
"5477";783
"5496";784
"5501";785
"5517";786
"5535";787
"5536";788
"5575";789
"5589";790
"5613";791
"5616";792
"5618";793
"5620";794
"5643";795
"5647";796
"5648";797
"5673";798
"5699";799
"5703";800
"5724";801
"5725";802
"5740";803
"5741";804
"5742";805
"5755";806
"5767";807
"5770";808
"5776";809
"5779";810
"5781";811
"5793";812
"5798";813
"5803";814
"1500";815
"1508";816
"1520";817
"1703";818
"2107";819
"2187";820
"2256";821
"2289";822
"2462";823
"2504";824
"2533";825
"2596";826
"2765";827
"2778";828
"2854";829
"2958";830
"2982";831
"3008";832
"3518";833
"3734";834
"4115";835
"4160";836
"4353";837
"4358";838
"4574";839
"4608";840
"4899";841
"5500";842
"5503";843
"5532";844
"5580";845
"5733";846
"5819";847
"6417";848
"6599";849
"6600";850
"7179";851
"6476";852
"6492";853
"6507";854
"6510";855
"6517";856
"6541";857
"6573";858
"6604";859
"6609";860
"6611";861
"6614";862
"6628";863
"6685";864
"6687";865
"6689";866
"6695";867
"6745";868
"6777";869
"6783";870
"6849";871
"6864";872
"6872";873
"6873";874
"6878";875
"6887";876
"6903";877
"6917";878
"6940";879
"6961";880
"6962";881
"7000";882
"7003";883
"7008";884
"7043";885
"7051";886
"7057";887
"7140";888
"7144";889
"7174";890
"7187";891
"7193";892
"7195";893
"7199";894
"7204";895
"6985";896
"7005";897
"7010";898
"7017";899
"7059";900
"7082";901
"7092";902
"7110";903
"7116";904
"7139";905
"7147";906
"7158";907
"7169";908
"7186";909
"7210";910
"3472";911
"3";912
"25";913
"45";914
"66";915
"135";916
"167";917
"175";918
"192";919
"197";920
"204";921
"207";922
"209";923
"217";924
"219";925
"220";926
"228";927
"238";928
"239";929
"245";930
"256";931
"289";932
"299";933
"300";934
"302";935
"308";936
"309";937
"315";938
"349";939
"371";940
"381";941
"390";942
"414";943
"426";944
"427";945
"431";946
"436";947
"448";948
"450";949
"455";950
"465";951
"467";952
"468";953
"479";954
"486";955
"491";956
"497";957
"519";958
"548";959
"560";960
"566";961
"572";962
"575";963
"588";964
"602";965
"606";966
"668";967
"677";968
"685";969
"709";970
"712";971
"734";972
"745";973
"750";974
"752";975
"755";976
"763";977
"765";978
"782";979
"783";980
"785";981
"804";982
"836";983
"840";984
"851";985
"853";986
"865";987
"877";988
"880";989
"890";990
"895";991
"911";992
"915";993
"945";994
"957";995
"965";996
"972";997
"976";998
"978";999
"981";1000
"984";1001
"989";1002
"1019";1003
"1029";1004
"1032";1005
"1050";1006
"1057";1007
"1069";1008
"1073";1009
"1075";1010
"1099";1011
"1101";1012
"1108";1013
"1111";1014
"1112";1015
"1113";1016
"1134";1017
"1141";1018
"1158";1019
"1165";1020
"1170";1021
"1177";1022
"1207";1023
"1224";1024
"1225";1025
"1247";1026
"1262";1027
"1271";1028
"1284";1029
"1286";1030
"1345";1031
"1353";1032
"1379";1033
"1400";1034
"1415";1035
"1423";1036
"1439";1037
"1468";1038
"1478";1039
"1479";1040
"1483";1041
"1487";1042
"1496";1043
"1498";1044
"1506";1045
"1509";1046
"1513";1047
"1516";1048
"1522";1049
"1529";1050
"1532";1051
"1544";1052
"1548";1053
"1559";1054
"1563";1055
"1570";1056
"1580";1057
"1594";1058
"1611";1059
"1613";1060
"1615";1061
"1620";1062
"1628";1063
"1630";1064
"1634";1065
"1643";1066
"1644";1067
"1647";1068
"1664";1069
"1668";1070
"1671";1071
"1681";1072
"1693";1073
"1696";1074
"1711";1075
"1716";1076
"1721";1077
"1722";1078
"1723";1079
"1725";1080
"1728";1081
"1732";1082
"1750";1083
"1751";1084
"1754";1085
"1761";1086
"1784";1087
"1794";1088
"1803";1089
"1813";1090
"1830";1091
"1831";1092
"1850";1093
"1857";1094
"1874";1095
"1888";1096
"1897";1097
"1913";1098
"1918";1099
"1935";1100
"1940";1101
"1971";1102
"1972";1103
"1975";1104
"1994";1105
"2024";1106
"2025";1107
"2026";1108
"2028";1109
"2034";1110
"2037";1111
"2056";1112
"2058";1113
"2059";1114
"2061";1115
"2063";1116
"2065";1117
"2066";1118
"2071";1119
"2073";1120
"2113";1121
"2124";1122
"2136";1123
"2148";1124
"2157";1125
"2168";1126
"2169";1127
"2211";1128
"2213";1129
"2214";1130
"2218";1131
"2220";1132
"2225";1133
"2229";1134
"2237";1135
"2454";1136
"2270";1137
"2306";1138
"2321";1139
"2332";1140
"2339";1141
"2387";1142
"2395";1143
"2400";1144
"2409";1145
"2420";1146
"2432";1147
"2433";1148
"2457";1149
"2464";1150
"2481";1151
"2488";1152
"2492";1153
"2525";1154
"2532";1155
"2534";1156
"2548";1157
"2562";1158
"2567";1159
"2570";1160
"2572";1161
"2576";1162
"2592";1163
"2595";1164
"2612";1165
"2614";1166
"2618";1167
"2621";1168
"2624";1169
"2629";1170
"2632";1171
"2634";1172
"2639";1173
"2643";1174
"2656";1175
"2658";1176
"2679";1177
"2681";1178
"2692";1179
"2708";1180
"2710";1181
"2711";1182
"2719";1183
"2726";1184
"2729";1185
"2735";1186
"2736";1187
"2745";1188
"2750";1189
"2751";1190
"2755";1191
"2756";1192
"2768";1193
"2772";1194
"2786";1195
"2787";1196
"2789";1197
"2792";1198
"2793";1199
"2796";1200
"2797";1201
"2803";1202
"2805";1203
"2809";1204
"2815";1205
"2819";1206
"2826";1207
"2829";1208
"2852";1209
"2855";1210
"2861";1211
"2862";1212
"2864";1213
"2865";1214
"2867";1215
"2877";1216
"2885";1217
"2892";1218
"2900";1219
"2904";1220
"2907";1221
"2910";1222
"2929";1223
"2934";1224
"2936";1225
"2939";1226
"2941";1227
"2946";1228
"2949";1229
"2952";1230
"2953";1231
"2964";1232
"2976";1233
"2977";1234
"2985";1235
"2988";1236
"2990";1237
"2992";1238
"2993";1239
"2995";1240
"3002";1241
"3003";1242
"3024";1243
"3028";1244
"3030";1245
"3032";1246
"3034";1247
"3036";1248
"3040";1249
"3043";1250
"3045";1251
"3055";1252
"3056";1253
"3059";1254
"3064";1255
"3068";1256
"3080";1257
"3081";1258
"3083";1259
"3084";1260
"3086";1261
"3090";1262
"3096";1263
"3098";1264
"3101";1265
"3103";1266
"3111";1267
"3115";1268
"3121";1269
"3132";1270
"3133";1271
"3140";1272
"3144";1273
"3145";1274
"3146";1275
"3147";1276
"3149";1277
"3151";1278
"3152";1279
"3153";1280
"3154";1281
"3163";1282
"3174";1283
"3178";1284
"3187";1285
"3250";1286
"3270";1287
"3274";1288
"3309";1289
"3327";1290
"3328";1291
"3331";1292
"3349";1293
"3360";1294
"3362";1295
"3375";1296
"3376";1297
"3378";1298
"3382";1299
"3388";1300
"3395";1301
"3396";1302
"3410";1303
"3411";1304
"3419";1305
"3440";1306
"3481";1307
"3482";1308
"3483";1309
"3486";1310
"3495";1311
"3517";1312
"3540";1313
"3544";1314
"3546";1315
"3554";1316
"3561";1317
"3587";1318
"3619";1319
"3624";1320
"3661";1321
"3669";1322
"3681";1323
"3689";1324
"3693";1325
"3695";1326
"3741";1327
"3749";1328
"3762";1329
"3797";1330
"3803";1331
"3828";1332
"3838";1333
"3848";1334
"3851";1335
"3853";1336
"3855";1337
"3857";1338
"3864";1339
"3883";1340
"3902";1341
"3917";1342
"3950";1343
"3958";1344
"3968";1345
"3976";1346
"3984";1347
"4005";1348
"4008";1349
"4011";1350
"4020";1351
"4021";1352
"4023";1353
"4027";1354
"4038";1355
"4040";1356
"4049";1357
"4057";1358
"4064";1359
"4069";1360
"4072";1361
"4073";1362
"4076";1363
"4083";1364
"4089";1365
"4090";1366
"4095";1367
"4100";1368
"4230";1369
"4235";1370
"4311";1371
"4469";1372
"4582";1373
"4693";1374
"4847";1375
"4848";1376
"4853";1377
"4864";1378
"4898";1379
"4916";1380
"5085";1381
"5228";1382
"5263";1383
"5341";1384
"5343";1385
"5370";1386
"5450";1387
"5454";1388
"5466";1389
"5506";1390
"5623";1391
"5720";1392
"5738";1393
"5764";1394
"5823";1395
"5859";1396
"5873";1397
"5898";1398
"5912";1399
"5915";1400
"5987";1401
"6110";1402
"6160";1403
"6179";1404
"6300";1405
"6469";1406
"6474";1407
"6518";1408
"6682";1409
"6915";1410
"6941";1411
"6972";1412
"7071";1413
"7093";1414
"7234";1415
"16";1416
"19";1417
"20";1418
"34";1419
"82";1420
"86";1421
"138";1422
"144";1423
"181";1424
"191";1425
"201";1426
"222";1427
"234";1428
"237";1429
"251";1430
"310";1431
"325";1432
"342";1433
"344";1434
"365";1435
"368";1436
"378";1437
"389";1438
"398";1439
"402";1440
"405";1441
"406";1442
"419";1443
"441";1444
"459";1445
"488";1446
"483";1447
"489";1448
"504";1449
"511";1450
"512";1451
"513";1452
"520";1453
"531";1454
"533";1455
"547";1456
"571";1457
"580";1458
"583";1459
"596";1460
"601";1461
"603";1462
"605";1463
"607";1464
"650";1465
"652";1466
"684";1467
"707";1468
"710";1469
"720";1470
"721";1471
"775";1472
"807";1473
"821";1474
"820";1475
"842";1476
"847";1477
"862";1478
"863";1479
"874";1480
"891";1481
"912";1482
"921";1483
"922";1484
"954";1485
"1002";1486
"1004";1487
"1018";1488
"1043";1489
"1047";1490
"1083";1491
"1089";1492
"1094";1493
"1105";1494
"1146";1495
"1160";1496
"1164";1497
"1192";1498
"1230";1499
"1235";1500
"1277";1501
"1281";1502
"1288";1503
"1292";1504
"1293";1505
"1319";1506
"1325";1507
"1382";1508
"1430";1509
"1447";1510
"1466";1511
"1469";1512
"1488";1513
"1507";1514
"1510";1515
"1512";1516
"1524";1517
"1527";1518
"1533";1519
"1541";1520
"1546";1521
"1555";1522
"1567";1523
"1574";1524
"1578";1525
"1582";1526
"1586";1527
"1596";1528
"1603";1529
"1629";1530
"1632";1531
"1637";1532
"1648";1533
"1650";1534
"1654";1535
"1662";1536
"1672";1537
"1674";1538
"1676";1539
"1689";1540
"1695";1541
"1697";1542
"1700";1543
"1715";1544
"1724";1545
"1738";1546
"1767";1547
"1811";1548
"1816";1549
"1822";1550
"1829";1551
"1843";1552
"1910";1553
"1934";1554
"1952";1555
"1955";1556
"1989";1557
"1995";1558
"1997";1559
"2019";1560
"2047";1561
"2048";1562
"2060";1563
"2069";1564
"2116";1565
"2146";1566
"2184";1567
"2190";1568
"2192";1569
"2194";1570
"2201";1571
"2202";1572
"2277";1573
"2279";1574
"2342";1575
"2346";1576
"2359";1577
"2386";1578
"2415";1579
"2417";1580
"2234";1581
"2477";1582
"2479";1583
"2491";1584
"2501";1585
"2506";1586
"2520";1587
"2535";1588
"2554";1589
"2569";1590
"2578";1591
"2579";1592
"2607";1593
"2636";1594
"2637";1595
"2644";1596
"2652";1597
"2659";1598
"2697";1599
"2704";1600
"2712";1601
"2716";1602
"2720";1603
"2721";1604
"2722";1605
"2727";1606
"2732";1607
"2739";1608
"2740";1609
"2752";1610
"2754";1611
"2757";1612
"2760";1613
"2766";1614
"2767";1615
"2770";1616
"2771";1617
"2784";1618
"2785";1619
"2788";1620
"2799";1621
"3353";1622
"2806";1623
"2807";1624
"2821";1625
"2823";1626
"2859";1627
"2869";1628
"2876";1629
"2884";1630
"2895";1631
"2898";1632
"2903";1633
"2908";1634
"2915";1635
"2924";1636
"2927";1637
"2928";1638
"2932";1639
"2933";1640
"2956";1641
"2957";1642
"2966";1643
"2967";1644
"2968";1645
"2969";1646
"2983";1647
"2989";1648
"2991";1649
"3005";1650
"3026";1651
"3039";1652
"3049";1653
"3052";1654
"3053";1655
"3058";1656
"3060";1657
"3066";1658
"3071";1659
"3074";1660
"3077";1661
"3082";1662
"3092";1663
"3107";1664
"3122";1665
"3125";1666
"3126";1667
"3131";1668
"3134";1669
"3139";1670
"3169";1671
"3185";1672
"3241";1673
"3243";1674
"3282";1675
"3298";1676
"3303";1677
"3323";1678
"3350";1679
"3380";1680
"3381";1681
"3415";1682
"3418";1683
"3458";1684
"3466";1685
"3489";1686
"3504";1687
"3514";1688
"3537";1689
"3543";1690
"3597";1691
"3599";1692
"3609";1693
"3655";1694
"3652";1695
"3673";1696
"3721";1697
"3727";1698
"3730";1699
"3759";1700
"3780";1701
"3804";1702
"3823";1703
"3834";1704
"3866";1705
"3904";1706
"3996";1707
"4003";1708
"4015";1709
"4039";1710
"4042";1711
"4059";1712
"4084";1713
"4093";1714
"4103";1715
"4104";1716
"4113";1717
"4114";1718
"4121";1719
"4124";1720
"4126";1721
"4130";1722
"4131";1723
"4134";1724
"4135";1725
"4137";1726
"4155";1727
"4166";1728
"4191";1729
"4193";1730
"4180";1731
"4198";1732
"4265";1733
"4268";1734
"4287";1735
"4331";1736
"4423";1737
"4452";1738
"4460";1739
"4462";1740
"4489";1741
"4524";1742
"4526";1743
"4540";1744
"4549";1745
"4551";1746
"4556";1747
"4570";1748
"4577";1749
"4619";1750
"4637";1751
"4642";1752
"4665";1753
"4717";1754
"4722";1755
"4658";1756
"4724";1757
"4729";1758
"4742";1759
"4764";1760
"4792";1761
"4796";1762
"4807";1763
"4811";1764
"4815";1765
"4826";1766
"4832";1767
"4833";1768
"4834";1769
"4846";1770
"4849";1771
"4852";1772
"4863";1773
"4871";1774
"4876";1775
"4879";1776
"4880";1777
"4881";1778
"4887";1779
"4892";1780
"4893";1781
"4901";1782
"4907";1783
"4915";1784
"5082";1785
"5103";1786
"5105";1787
"5107";1788
"5114";1789
"5134";1790
"5155";1791
"5160";1792
"5185";1793
"5191";1794
"5217";1795
"5244";1796
"5247";1797
"5269";1798
"5273";1799
"5275";1800
"5276";1801
"5286";1802
"5288";1803
"5290";1804
"5307";1805
"5314";1806
"5316";1807
"5324";1808
"5327";1809
"5351";1810
"5353";1811
"5375";1812
"5399";1813
"5410";1814
"5422";1815
"5425";1816
"5442";1817
"5495";1818
"5504";1819
"5522";1820
"5528";1821
"5533";1822
"5582";1823
"5603";1824
"5609";1825
"5614";1826
"5615";1827
"5627";1828
"5717";1829
"5719";1830
"5728";1831
"5734";1832
"5743";1833
"5744";1834
"5749";1835
"5633";1836
"5634";1837
"5639";1838
"5649";1839
"5653";1840
"5671";1841
"5682";1842
"5683";1843
"5704";1844
"5716";1845
"5759";1846
"5765";1847
"5768";1848
"5777";1849
"5780";1850
"5783";1851
"5787";1852
"5789";1853
"5796";1854
"5808";1855
"5817";1856
"5827";1857
"5828";1858
"5829";1859
"5650";1860
"5855";1861
"5866";1862
"6478";1863
"6505";1864
"6513";1865
"6514";1866
"6525";1867
"6564";1868
"6592";1869
"6620";1870
"6647";1871
"6656";1872
"6664";1873
"6666";1874
"6694";1875
"6696";1876
"6713";1877
"6725";1878
"6735";1879
"6736";1880
"6806";1881
"6830";1882
"6848";1883
"6858";1884
"6863";1885
"6911";1886
"6955";1887
"6933";1888
"6936";1889
"6963";1890
"6965";1891
"6967";1892
"6969";1893
"6973";1894
"7019";1895
"7055";1896
"7074";1897
"7109";1898
"7130";1899
"7154";1900
"7161";1901
"7180";1902
"296";1903
"730";1904
"570";1905
"597";1906
"909";1907
"727";1908
"735";1909
"1059";1910
"1142";1911
"7044";1912
"7040";1913
"7024";1914
"6966";1915
"6950";1916
"7034";1917
"6942";1918
"6932";1919
"6851";1920
"6780";1921
"6657";1922
"6642";1923
"6583";1924
"6349";1925
"6212";1926
"2118";1927
"6246";1928
"1085";1929
"1189";1930
"1438";1931
"1443";1932
"1462";1933
"1537";1934
"2170";1935
"1992";1936
"3031";1937
"1941";1938
"1973";1939
"2894";1940
"1562";1941
"1601";1942
"2734";1943
"2275";1944
"2777";1945
"1921";1946
"2181";1947
"2370";1948
"2385";1949
"2441";1950
"2691";1951
"2782";1952
"2820";1953
"2849";1954
"1845";1955
"2871";1956
"3061";1957
"3073";1958
"3106";1959
"3128";1960
"3130";1961
"3095";1962
"4192";1963
"3805";1964
"2965";1965
"2942";1966
"3743";1967
"2845";1968
"2878";1969
"1906";1970
"1938";1971
"3113";1972
"3470";1973
"3234";1974
"3434";1975
"3576";1976
"3582";1977
"3682";1978
"3751";1979
"3753";1980
"6563";1981
"6211";1982
"6358";1983
"6012";1984
"6588";1985
"6039";1986
"6159";1987
"6158";1988
"4348";1989
"6010";1990
"5860";1991
"5874";1992
"6028";1993
"5928";1994
"5727";1995
"6438";1996
"4818";1997
"4164";1998
"6613";1999
"4205";2000
"6612";2001
"5456";2002
"6229";2003
"5669";2004
"6764";2005
"6015";2006
"5578";2007
"4908";2008
"5547";2009
"6298";2010
"5379";2011
"3906";2012
"4705";2013
"4096";2014
"4602";2015
"5543";2016
"5810";2017
"5839";2018
"3844";2019
"4018";2020
"4097";2021
"4152";2022
"4380";2023
"4445";2024
"4534";2025
"4542";2026
"4590";2027
"4592";2028
"4791";2029
"5401";2030
"5476";2031
"5833";2032
"5918";2033
"5953";2034
"6080";2035
"6526";2036
"6532";2037
"6535";2038
"6802";2039
"4959";2040
"5805";2041
"5807";2042
"5838";2043
"5841";2044
"5846";2045
"5857";2046
"5947";2047
"5949";2048
"5924";2049
"5919";2050
"5980";2051
"5986";2052
"5999";2053
"6022";2054
"6030";2055
"6031";2056
"6037";2057
"6817";2058
"6750";2059
"6793";2060
"6704";2061
"6591";2062
"6807";2063
"6585";2064
"6533";2065
"6527";2066
"6495";2067
"6487";2068
"6086";2069
"6393";2070
"6390";2071
"6375";2072
"6347";2073
"6345";2074
"6850";2075
"6447";2076
"6344";2077
"6342";2078
"6340";2079
"6331";2080
"6330";2081
"6306";2082
"6303";2083
"6274";2084
"6267";2085
"6265";2086
"6254";2087
"6252";2088
"6225";2089
"6197";2090
"6142";2091
"6118";2092
"6111";2093
"6101";2094
"6091";2095
"6069";2096
"6062";2097
"868";2098
"6747";2099
"0005";2100
"0061";2101
"0097";2102
"0137";2103
"0291";2104
"0305";2105
"0672";2106
"0742";2107
"0744";2108
"0814";2109
"0846";2110
"0860";2111
"1049";2112
"1123";2113
"1159";2114
"1162";2115
"1211";2116
"1229";2117
"1240";2118
"1337";2119
"1354";2120
"1362";2121
"1393";2122
"1396";2123
"1398";2124
"1458";2125
"1499";2126
"1612";2127
"1717";2128
"1882";2129
"1964";2130
"1978";2131
"1986";2132
"2011";2133
"2023";2134
"2086";2135
"2114";2136
"2308";2137
"2345";2138
"509";2139
"2390";2140
"2429";2141
"2468";2142
"2551";2143
"2556";2144
"2610";2145
"2613";2146
"2623";2147
"2725";2148
"2738";2149
"2774";2150
"2779";2151
"2802";2152
"2811";2153
"2836";2154
"2870";2155
"2944";2156
"2961";2157
"3050";2158
"3176";2159
"3296";2160
"3387";2161
"3417";2162
"3516";2163
"3528";2164
"3589";2165
"3667";2166
"3678";2167
"3687";2168
"3692";2169
"4028";2170
"4029";2171
"4036";2172
"4047";2173
"4210";2174
"4297";2175
"4355";2176
"4435";2177
"4443";2178
"4448";2179
"4508";2180
"4560";2181
"4644";2182
"4816";2183
"4877";2184
"4938";2185
"5018";2186
"5206";2187
"5226";2188
"5303";2189
"5319";2190
"5326";2191
"5358";2192
"5367";2193
"5601";2194
"5602";2195
"5617";2196
"5661";2197
"5806";2198
"5809";2199
"5830";2200
"5835";2201
"5863";2202
"5889";2203
"5890";2204
"5893";2205
"5896";2206
"5900";2207
"5920";2208
"5925";2209
"5929";2210
"5930";2211
"5932";2212
"5946";2213
"5955";2214
"5975";2215
"5977";2216
"5978";2217
"5982";2218
"5983";2219
"5988";2220
"5989";2221
"5991";2222
"5996";2223
"5998";2224
"6001";2225
"6003";2226
"6005";2227
"6006";2228
"6007";2229
"6013";2230
"6014";2231
"6016";2232
"6021";2233
"6029";2234
"6038";2235
"6049";2236
"6050";2237
"6054";2238
"6055";2239
"6057";2240
"6060";2241
"6079";2242
"6090";2243
"6114";2244
"6117";2245
"6120";2246
"6127";2247
"6131";2248
"6166";2249
"6190";2250
"6191";2251
"6192";2252
"6196";2253
"6198";2254
"6210";2255
"6221";2256
"6224";2257
"6242";2258
"6245";2259
"6247";2260
"6264";2261
"6272";2262
"6311";2263
"6322";2264
"6328";2265
"6353";2266
"6355";2267
"6367";2268
"6371";2269
"6392";2270
"6394";2271
"6406";2272
"6407";2273
"6421";2274
"6448";2275
"6457";2276
"6459";2277
"6479";2278
"6480";2279
"6485";2280
"33";2281
"35";2282
"186";2283
"205";2284
"340";2285
"451";2286
"484";2287
"517";2288
"518";2289
"681";2290
"774";2291
"808";2292
"843";2293
"889";2294
"904";2295
"987";2296
"993";2297
"1031";2298
"1091";2299
"1140";2300
"1144";2301
"1166";2302
"1168";2303
"1416";2304
"1465";2305
"1484";2306
"1497";2307
"1645";2308
"1686";2309
"1729";2310
"1812";2311
"1886";2312
"1963";2313
"2002";2314
"2003";2315
"2006";2316
"2105";2317
"2141";2318
"2179";2319
"2206";2320
"2232";2321
"2284";2322
"2389";2323
"2536";2324
"2553";2325
"2575";2326
"2580";2327
"2620";2328
"2665";2329
"2672";2330
"2703";2331
"2798";2332
"2810";2333
"2863";2334
"2874";2335
"2899";2336
"2911";2337
"2912";2338
"2916";2339
"2943";2340
"2963";2341
"3009";2342
"3019";2343
"3048";2344
"3072";2345
"3108";2346
"3120";2347
"3135";2348
"3333";2349
"3337";2350
"3352";2351
"3496";2352
"3499";2353
"3651";2354
"3663";2355
"3956";2356
"3971";2357
"3992";2358
"4041";2359
"4058";2360
"4151";2361
"4208";2362
"4293";2363
"4399";2364
"4436";2365
"4573";2366
"4780";2367
"4785";2368
"4798";2369
"4805";2370
"4862";2371
"4865";2372
"4909";2373
"5090";2374
"5142";2375
"5205";2376
"5317";2377
"5332";2378
"5339";2379
"5352";2380
"5361";2381
"5366";2382
"5433";2383
"5538";2384
"5598";2385
"5625";2386
"5714";2387
"5751";2388
"5821";2389
"5822";2390
"5826";2391
"5849";2392
"5862";2393
"5864";2394
"5870";2395
"5886";2396
"5887";2397
"5892";2398
"5902";2399
"5913";2400
"5921";2401
"5922";2402
"5927";2403
"5935";2404
"5936";2405
"5938";2406
"5940";2407
"5941";2408
"5954";2409
"5961";2410
"5963";2411
"5971";2412
"5972";2413
"5984";2414
"5985";2415
"5997";2416
"6009";2417
"6017";2418
"6019";2419
"6020";2420
"6027";2421
"6040";2422
"6043";2423
"6045";2424
"6047";2425
"6056";2426
"6061";2427
"6064";2428
"6067";2429
"6094";2430
"6100";2431
"6115";2432
"6135";2433
"6147";2434
"6182";2435
"6200";2436
"6204";2437
"6209";2438
"6218";2439
"6233";2440
"6241";2441
"6273";2442
"6281";2443
"6305";2444
"6308";2445
"6366";2446
"6386";2447
"6428";2448
"6456";2449
"6463";2450
"6468";2451
"6470";2452
"6471";2453
"6473";2454
"6531";2455
"6546";2456
"6576";2457
"6587";2458
"6617";2459
"6630";2460
"6659";2461
"6693";2462
"6712";2463
"6720";2464
"6746";2465
"6749";2466
"6753";2467
"6788";2468
"6825";2469
"6835";2470
"6854";2471
"6866";2472
"6884";2473
"6892";2474
"6900";2475
"6947";2476
"6951";2477
"6957";2478
"6958";2479
"6959";2480
"6960";2481
"6971";2482
"6982";2483
"26";2484
"2715";2485
"2838";2486
"2940";2487
"5579";2488
"5948";2489
"6107";2490
"6661";2491
"Add1";2492
"Add10";2493
"Add100";2494
"Add101";2495
"Add102";2496
"Add103";2497
"Add104";2498
"Add105";2499
"Add106";2500
"Add107";2501
"Add108";2502
"Add109";2503
"Add11";2504
"Add110";2505
"Add111";2506
"Add112";2507
"Add113";2508
"Add114";2509
"Add115";2510
"Add116";2511
"Add117";2512
"Add118";2513
"Add119";2514
"Add12";2515
"Add120";2516
"Add121";2517
"Add122";2518
"Add123";2519
"Add124";2520
"Add125";2521
"Add126";2522
"Add127";2523
"Add128";2524
"Add129";2525
"Add13";2526
"Add130";2527
"Add131";2528
"Add132";2529
"Add133";2530
"Add134";2531
"Add135";2532
"Add136";2533
"Add137";2534
"Add138";2535
"Add139";2536
"Add14";2537
"Add140";2538
"Add141";2539
"Add142";2540
"Add143";2541
"Add144";2542
"Add145";2543
"Add146";2544
"Add147";2545
"Add148";2546
"Add149";2547
"Add15";2548
"Add150";2549
"Add151";2550
"Add152";2551
"Add153";2552
"Add154";2553
"Add155";2554
"Add156";2555
"Add157";2556
"Add158";2557
"Add159";2558
"Add16";2559
"Add160";2560
"Add161";2561
"Add162";2562
"Add163";2563
"Add165";2564
"Add166";2565
"Add167";2566
"Add168";2567
"Add169";2568
"Add17";2569
"Add170";2570
"Add171";2571
"Add172";2572
"Add173";2573
"Add174";2574
"Add175";2575
"Add176";2576
"Add177";2577
"Add178";2578
"Add179";2579
"Add18";2580
"Add180";2581
"Add181";2582
"Add182";2583
"Add183";2584
"Add184";2585
"Add185";2586
"Add186";2587
"Add187";2588
"Add188";2589
"Add189";2590
"Add19";2591
"Add190";2592
"Add191";2593
"Add192";2594
"Add193";2595
"Add194";2596
"Add195";2597
"Add196";2598
"Add197";2599
"Add198";2600
"Add199";2601
"Add2";2602
"Add20";2603
"Add200";2604
"Add201";2605
"Add202";2606
"Add203";2607
"Add204";2608
"Add205";2609
"Add206";2610
"Add207";2611
"Add208";2612
"Add209";2613
"Add21";2614
"Add210";2615
"Add211";2616
"Add212";2617
"Add213";2618
"Add214";2619
"Add215";2620
"Add216";2621
"Add217";2622
"Add218";2623
"Add219";2624
"Add22";2625
"Add220";2626
"Add221";2627
"Add222";2628
"Add223";2629
"Add224";2630
"Add225";2631
"Add226";2632
"Add227";2633
"Add228";2634
"Add229";2635
"Add23";2636
"Add230";2637
"Add231";2638
"Add232";2639
"Add233";2640
"Add234";2641
"Add235";2642
"Add236";2643
"Add237";2644
"Add238";2645
"Add239";2646
"Add24";2647
"Add240";2648
"Add241";2649
"Add242";2650
"Add243";2651
"Heit17";2652
"Add245";2653
"Add246";2654
"Add247";2655
"Add248";2656
"Add249";2657
"Add25";2658
"Add250";2659
"Add251";2660
"Add252";2661
"Add253";2662
"Add254";2663
"Add255";2664
"Add256";2665
"Add257";2666
"Add258";2667
"Add259";2668
"Add26";2669
"Add260";2670
"Add261";2671
"Add262";2672
"Add263";2673
"Add264";2674
"Add265";2675
"Add266";2676
"Add267";2677
"Add268";2678
"Add269";2679
"Add27";2680
"Add270";2681
"Add271";2682
"Add272";2683
"Add273";2684
"Add274";2685
"Add275";2686
"Add276";2687
"Add277";2688
"Add278";2689
"Add279";2690
"Add28";2691
"Add280";2692
"Add281";2693
"Add282";2694
"Add283";2695
"Add284";2696
"Add285";2697
"Add286";2698
"Add287";2699
"Add289";2700
"Add29";2701
"Add290";2702
"Add293";2703
"Add294";2704
"Add295";2705
"Add296";2706
"Add297";2707
"Add298";2708
"Add299";2709
"Add3";2710
"Add30";2711
"Add300";2712
"Add301";2713
"Add302";2714
"Add303";2715
"Add304";2716
"Add305";2717
"Add306";2718
"Add307";2719
"Add308";2720
"Add309";2721
"Add31";2722
"Add311";2723
"Add312";2724
"Add313";2725
"Add314";2726
"Add315";2727
"Add316";2728
"Add317";2729
"Add318";2730
"Add319";2731
"Add32";2732
"Add320";2733
"Add321";2734
"Add322";2735
"Add323";2736
"Add324";2737
"Add325";2738
"Add326";2739
"Add327";2740
"Add328";2741
"Add329";2742
"Add33";2743
"Add330";2744
"Add331";2745
"Add332";2746
"Add333";2747
"Add334";2748
"Add335";2749
"Add336";2750
"Add337";2751
"Add338";2752
"Add339";2753
"Add34";2754
"Add340";2755
"Add341";2756
"Add342";2757
"Add343";2758
"Add344";2759
"Add345";2760
"Add346";2761
"Add347";2762
"Add348";2763
"Add349";2764
"Add35";2765
"Add350";2766
"Add351";2767
"Add352";2768
"Add353";2769
"Add354";2770
"Add355";2771
"Add356";2772
"Add357";2773
"Add358";2774
"Add359";2775
"Add36";2776
"Add360";2777
"Add361";2778
"Add362";2779
"Add363";2780
"Heit55";2781
"Add365";2782
"Add366";2783
"Add367";2784
"Add368";2785
"Add369";2786
"Add37";2787
"Add370";2788
"Add371";2789
"Add372";2790
"Add373";2791
"Add374";2792
"Add375";2793
"Add376";2794
"Add378";2795
"Add379";2796
"Add38";2797
"Add380";2798
"Add381";2799
"Add382";2800
"Add383";2801
"Add384";2802
"Add385";2803
"Add386";2804
"Add387";2805
"Add388";2806
"Add389";2807
"Add39";2808
"Add390";2809
"Add391";2810
"Add392";2811
"Add393";2812
"Add394";2813
"Add395";2814
"Add396";2815
"Add397";2816
"Add398";2817
"Add399";2818
"Add4";2819
"Add40";2820
"Add400";2821
"Add401";2822
"Add402";2823
"Add403";2824
"Add404";2825
"Add405";2826
"Add406";2827
"Add407";2828
"Add408";2829
"Add409";2830
"Add41";2831
"Add410";2832
"Add411";2833
"Add412";2834
"Add414";2835
"Add415";2836
"Add416";2837
"Add417";2838
"Add418";2839
"Add42";2840
"Add43";2841
"Add44";2842
"Heit20";2843
"Add46";2844
"Add47";2845
"Add48";2846
"Add49";2847
"Add5";2848
"Add50";2849
"Add51";2850
"Add52";2851
"Add53";2852
"Add54";2853
"Add55";2854
"Add56";2855
"Add57";2856
"Add58";2857
"Add59";2858
"Add6";2859
"4054";2860
"Add61";2861
"Add62";2862
"Add63";2863
"Add64";2864
"Add66";2865
"Add67";2866
"Add68";2867
"Add69";2868
"Add7";2869
"Add70";2870
"Add71";2871
"Add72";2872
"Add73";2873
"Add74";2874
"Add75";2875
"Add76";2876
"Add77";2877
"Add78";2878
"Add79";2879
"Add8";2880
"Add80";2881
"Add81";2882
"Add82";2883
"Add83";2884
"Add84";2885
"Add85";2886
"Heit13";2887
"Add87";2888
"Add88";2889
"Add89";2890
"Heit70";2891
"Add90";2892
"Add91";2893
"Add92";2894
"Add93";2895
"Add94";2896
"Add95";2897
"Add96";2898
"Add97";2899
"Add98";2900
"Add99";2901
"4572";2902
"4699";2903
"2584";2904
"Heit1";2905
"Heit3";2906
"Heit4";2907
"Heit6";2908
"Heit7";2909
"Heit8";2910
"Heit10";2911
"Heit11";2912
"Heit14";2913
"Heit15";2914
"Heit18";2915
"Heit23";2916
"Heit26";2917
"Heit27";2918
"Heit29";2919
"Heit30";2920
"Heit31";2921
"Heit33";2922
"Heit34";2923
"Heit35";2924
"Heit37";2925
"Heit38";2926
"Heit39";2927
"Heit40";2928
"Heit41";2929
"Heit47";2930
"Heit48";2931
"Heit50";2932
"Heit51";2933
"Heit53";2934
"Heit54";2935
"Heit56";2936
"Heit57";2937
"Heit60";2938
"Heit61";2939
"Heit63";2940
"Heit65";2941
"Heit66";2942
"Heit67";2943
"Heit69";2944
"Heit71";2945
"Heit74";2946
"Heit75";2947
"Heit76";2948
"Heit77";2949
"Heit78";2950
"Heit79";2951
"Heit80";2952
"Heit83";2953
"Heit84";2954
"Heit86";2955
"Heit87";2956
"Heit88";2957
"Heit89";2958
"Heit90";2959
"Heit91";2960
"Heit93";2961
"Heit98";2962
"Heit101";2963
"Heit105";2964
"Heit106";2965
"Heit107";2966
"NewSearch203";2967
"NewSearch206";2968
"NewSearch208";2969
"NewSearch215";2970
"NewSearch218";2971
"NewSearch219";2972
"NewSearch225";2973
"NewSearch227";2974
"NewSearch230";2975
"NewSearch231";2976
"NewSearch232";2977
"NewSearch234";2978
"NewSearch235";2979
"NewSearch240";2980
"NewSearch242";2981
"NewSearch245";2982
"NewSearch246";2983
"NewSearch247";2984
"NewSearch248";2985
"NewSearch249";2986
"NewSearch250";2987
"NewSearch251";2988
"NewSearch252";2989
"NewSearch253";2990
"NewSearch254";2991
"NewSearch257";2992
"NewSearch262";2993
"NewSearch263";2994
"NewSearch264";2995
"NewSearch268";2996
"NewSearch269";2997
"NewSearch270";2998
"NewSearch278";2999
"NewSearch281";3000
"NewSearch284";3001
"NewSearch289";3002
"NewSearch291";3003
"NewSearch292";3004
"NewSearch297";3005
"NewSearch299";3006
"NewSearch300";3007
"NewSearch303";3008
"NewSearch310";3009
"NewSearch313";3010
"NewSearch315";3011
"NewSearch316";3012
"NewSearch317";3013
"NewSearch319";3014
"NewSearch322";3015
"NewSearch325";3016
"NewSearch327";3017
"NewSearch328";3018
"NewSearch331";3019
"NewSearch339";3020
"NewSearch346";3021
"NewSearch347";3022
"NewSearch348";3023
"NewSearch349";3024
"NewSearch351";3025
"NewSearch355";3026
"NewSearch356";3027
"NewSearch362";3028
"NewSearch367";3029
"NewSearch374";3030
"NewSearch376";3031
"NewSearch379";3032
"NewSearch383";3033
"NewSearch385";3034
"NewSearch397";3035
"NewSearch398";3036
"NewSearch399";3037
"NewSearch153";3038
"NewSearch157";3039
"NewSearch158";3040
"NewSearch159";3041
"NewSearch162";3042
"NewSearch170";3043
"NewSearch175";3044
"NewSearch179";3045
"NewSearch181";3046
"NewSearch182";3047
"NewSearch187";3048
"NewSearch192";3049
"NewSearch196";3050
"NewSearch197";3051
"NewSearch555";3052
"NewSearch556";3053
"NewSearch559";3054
"NewSearch562";3055
"NewSearch570";3056
"NewSearch572";3057
"NewSearch574";3058
"NewSearch575";3059
"NewSearch576";3060
"NewSearch579";3061
"NewSearch580";3062
"NewSearch586";3063
"NewSearch587";3064
"NewSearch592";3065
"NewSearch595";3066
"NewSearch2";3067
"NewSearch3";3068
"NewSearch7";3069
"NewSearch13";3070
"NewSearch15";3071
"NewSearch18";3072
"NewSearch22";3073
"NewSearch23";3074
"NewSearch27";3075
"NewSearch28";3076
"NewSearch29";3077
"NewSearch30";3078
"NewSearch32";3079
"NewSearch34";3080
"NewSearch36";3081
"NewSearch38";3082
"NewSearc41";3083
"NewSearc48";3084
"NewSearch52";3085
"NewSearch54";3086
"NewSearch60";3087
"NewSearch61";3088
"NewSeach65";3089
"NewSearch66";3090
"NewSearch81";3091
"NewSearch84";3092
"NewSearch87";3093
"NewStudy97";3094
"NewStudy104";3095
"NewStudy109";3096
"NewSearch101";3097
"NewSearch114";3098
"NewSearch115";3099
"NewSearch121";3100
"NewSearch126";3101
"NewSearch130";3102
"NewSearch136";3103
"NewSearch137";3104
"NewSearch138";3105
"NewSearch141";3106
"NewSearch142";3107
"NewSearch146";3108
"NewSearch148";3109
"NewSearch149";3110
"NewSearch152";3111
"NewSearch519";3112
"NewSearch520";3113
"NewSearch522";3114
"NewSearch524";3115
"NewSearch526";3116
"NewSearch538";3117
"NewSearch541";3118
"NewSearch544";3119
"NewSearch551";3120
"NewSearch600";3121
"NewSearch405";3122
"NewSearch410";3123
"NewSearch413";3124
"NewSearch415";3125
"NewSearch422";3126
"NewSearch425";3127
"NewSearch427";3128
"NewSearch428";3129
"NewSearch431";3130
"NewSearch440";3131
"NewSearch447";3132
"NewSearch448";3133
"NewSearch455";3134
"NewSearch456";3135
"NewSearch457";3136
"NewSearch461";3137
"NewSearch462";3138
"NewSearch467";3139
"NewSearch470";3140
"NewSearch471";3141
"NewSearch472";3142
"NewSearch474";3143
"NewSearch475";3144
"NewSearch476";3145
"NewSearch477";3146
"NewSearch478";3147
"NewSearch479";3148
"NewSearch489";3149
"NewSearch490";3150
"NewSearch491";3151
"NewSearch492";3152
"NewSearch493";3153
"NewSearch496";3154
"NewSearch501";3155
"NewSearch505";3156
"NewSearch510";3157
"NewSearch516";3158
"add_MaSeStu_0002";3159
"add_MaSeStu_0191";3160
"add_MaSeStu_0196";3161
"add_MaSeStu_0203";3162
"add_MaSeStu_0217";3163
"add_MaSeStu_0227";3164
"add_MaSeStu_0228";3165
"add_MaSeStu_0241";3166
"add_MaSeStu_0242";3167
"add_MaSeStu_0248";3168
"add_MaSeStu_0250";3169
"add_MaSeStu_0273";3170
"add_MaSeStu_0274";3171
"add_MaSeStu_0275";3172
"add_MaSeStu_0276";3173
"add_MaSeStu_0288";3174
"add_MaSeStu_0289";3175
"add_MaSeStu_0293";3176
"update2024_0163";3177
"update2024_0164";3178
"update2024_0166";3179
"update2024_0176";3180
"update2024_0185";3181
"update2024_0186";3182
"MaSeStu_0004";3183
"MaSeStu_0010";3184
"MaSeStu_0014";3185
"MaSeStu_0017";3186
"MaSeStu_0026";3187
"MaSeStu_0027";3188
"MaSeStu_0038";3189
"add_MaSeStu_300";3190
"add_MaSeStu_313";3191
"add_MaSeStu_317";3192
"add_MaSeStu_328";3193
"add_MaSeStu_319";3194
"add_MaSeStu_354";3195
"add_MaSeStu_387";3196
"add_MaSeStu_390";3197
"add_MaSeStu_394";3198
"add_MaSeStu_397";3199
"add_MaSeStu_363";3200
"add_MaSeStu_406";3201
"add_MaSeStu_409";3202
"add_MaSeStu_412";3203
"add_MaSeStu_401";3204
"add_MaSeStu_0423";3205
"add_MaSeStu_0425";3206
"add_MaSeStu_0446";3207
"add_MaSeStu_0456";3208
"add_MaSeStu_0459";3209
"add_MaSeStu_0468";3210
"add_MaSeStu_0476";3211
"add_MaSeStu_0485";3212
"add_MaSeStu_0498";3213
"add_MaSeStu_0502";3214
"add_MaSeStu_0505";3215
"add_MaSeStu_0514";3216
"add_MaSeStu_0516";3217
"add_MaSeStu_0529";3218
"add_MaSeStu_0530";3219
"add_MaSeStu_0500";3220
"add_MaSeStu_0501";3221
"add_MaSeStu_0096";3222
"add_MaSeStu_0097";3223
"add_MaSeStu_0107";3224
"add_MaSeStu_0108";3225
"add_MaSeStu_0122";3226
"add_MaSeStu_0125";3227
"add_MaSeStu_0138";3228
"add_MaSeStu_0154";3229
"add_MaSeStu_0157";3230
"add_MaSeStu_0162";3231
"Snider et al. 2021. Journal of Mammalogy";3232
"add_MaSeStu_0168";3233
"add_MaSeStu_0178";3234
"add_MaSeStu_0180";3235
"add_MaSeStu_0415";3236
"add_MaSeStu_0113";3237
"add_MaSeStu_0117";3238
"add_MaSeStu_0124";3239
"update2024_0014";3240
"update2024_0019";3241
"update2024_0023";3242
"update2024_0045";3243
"update2024_0046";3244
"update2024_0047";3245
"update2024_0049";3246
"update2024_0024";3247
"add_MaSeStu_0116";3248
"add_MaSeStu_0032";3249
"add_MaSeStu_0035";3250
"add_MaSeStu_0044";3251
"add_MaSeStu_0045";3252
"add_MaSeStu_0046";3253
"add_MaSeStu_0055";3254
"add_MaSeStu_0062";3255
"add_MaSeStu_0071";3256
"add_MaSeStu_0088";3257
"add_MaSeStu_0365";3258
"add_MaSeStu_0380";3259
